[
{
  "model": "admin.logentry",
  "pk": 1,
  "fields": {
    "action_time": "2023-04-24T11:22:20.069Z",
    "user": 1,
    "content_type": 7,
    "object_id": "1",
    "object_repr": "Who is Django Reinhardt?",
    "action_flag": 1,
    "change_message": "[{\"added\": {}}]"
  }
},
{
  "model": "admin.logentry",
  "pk": 2,
  "fields": {
    "action_time": "2023-04-24T11:22:25.019Z",
    "user": 1,
    "content_type": 7,
    "object_id": "1",
    "object_repr": "Who is Django Reinhardt?",
    "action_flag": 2,
    "change_message": "[]"
  }
},
{
  "model": "admin.logentry",
  "pk": 3,
  "fields": {
    "action_time": "2023-04-24T11:49:08.639Z",
    "user": 1,
    "content_type": 7,
    "object_id": "2",
    "object_repr": "BrillatSavarin",
    "action_flag": 1,
    "change_message": "[{\"added\": {}}]"
  }
},
{
  "model": "admin.logentry",
  "pk": 4,
  "fields": {
    "action_time": "2023-04-24T19:22:45.972Z",
    "user": 1,
    "content_type": 7,
    "object_id": "3",
    "object_repr": "Another Lazy Post",
    "action_flag": 2,
    "change_message": "[{\"changed\": {\"fields\": [\"Status\"]}}]"
  }
},
{
  "model": "admin.logentry",
  "pk": 5,
  "fields": {
    "action_time": "2023-04-25T19:25:51.694Z",
    "user": 1,
    "content_type": 7,
    "object_id": "2",
    "object_repr": "BrillatSavarin",
    "action_flag": 2,
    "change_message": "[{\"changed\": {\"fields\": [\"Status\"]}}]"
  }
},
{
  "model": "admin.logentry",
  "pk": 6,
  "fields": {
    "action_time": "2023-04-25T19:25:56.684Z",
    "user": 1,
    "content_type": 7,
    "object_id": "1",
    "object_repr": "Who is Django Reinhardt?",
    "action_flag": 2,
    "change_message": "[{\"changed\": {\"fields\": [\"Status\"]}}]"
  }
},
{
  "model": "admin.logentry",
  "pk": 7,
  "fields": {
    "action_time": "2023-04-25T19:26:02.960Z",
    "user": 1,
    "content_type": 7,
    "object_id": "5",
    "object_repr": "Are UFO's Really out there",
    "action_flag": 2,
    "change_message": "[{\"changed\": {\"fields\": [\"Status\"]}}]"
  }
},
{
  "model": "admin.logentry",
  "pk": 8,
  "fields": {
    "action_time": "2023-04-26T11:46:29.397Z",
    "user": 1,
    "content_type": 8,
    "object_id": "1",
    "object_repr": "Comment by Soham on Who is Django Reinhardt?",
    "action_flag": 1,
    "change_message": "[{\"added\": {}}]"
  }
},
{
  "model": "admin.logentry",
  "pk": 9,
  "fields": {
    "action_time": "2023-04-28T11:25:57.070Z",
    "user": 1,
    "content_type": 7,
    "object_id": "4",
    "object_repr": "One more life",
    "action_flag": 2,
    "change_message": "[{\"changed\": {\"fields\": [\"Tags\"]}}]"
  }
},
{
  "model": "admin.logentry",
  "pk": 10,
  "fields": {
    "action_time": "2023-04-28T11:27:04.354Z",
    "user": 1,
    "content_type": 7,
    "object_id": "4",
    "object_repr": "One more life",
    "action_flag": 2,
    "change_message": "[{\"changed\": {\"fields\": [\"Status\"]}}]"
  }
},
{
  "model": "admin.logentry",
  "pk": 11,
  "fields": {
    "action_time": "2023-04-28T11:29:53.059Z",
    "user": 1,
    "content_type": 7,
    "object_id": "6",
    "object_repr": "Arijit Singh",
    "action_flag": 1,
    "change_message": "[{\"added\": {}}]"
  }
},
{
  "model": "admin.logentry",
  "pk": 12,
  "fields": {
    "action_time": "2023-05-03T15:28:40.122Z",
    "user": 1,
    "content_type": 7,
    "object_id": "7",
    "object_repr": "Mark-down Post",
    "action_flag": 1,
    "change_message": "[{\"added\": {}}]"
  }
},
{
  "model": "admin.logentry",
  "pk": 13,
  "fields": {
    "action_time": "2023-05-03T15:29:50.389Z",
    "user": 1,
    "content_type": 7,
    "object_id": "7",
    "object_repr": "Mark-down Post",
    "action_flag": 2,
    "change_message": "[{\"changed\": {\"fields\": [\"Status\"]}}]"
  }
},
{
  "model": "admin.logentry",
  "pk": 14,
  "fields": {
    "action_time": "2023-05-03T15:31:23.048Z",
    "user": 1,
    "content_type": 7,
    "object_id": "7",
    "object_repr": "Mark-down Post",
    "action_flag": 2,
    "change_message": "[{\"changed\": {\"fields\": [\"Body\"]}}]"
  }
},
{
  "model": "admin.logentry",
  "pk": 15,
  "fields": {
    "action_time": "2023-05-03T19:15:09.395Z",
    "user": 1,
    "content_type": 11,
    "object_id": "1",
    "object_repr": "localhost:8000",
    "action_flag": 2,
    "change_message": "[{\"changed\": {\"fields\": [\"Domain name\", \"Display name\"]}}]"
  }
},
{
  "model": "admin.logentry",
  "pk": 16,
  "fields": {
    "action_time": "2023-05-04T12:07:29.330Z",
    "user": 1,
    "content_type": 7,
    "object_id": "8",
    "object_repr": "Oppenheimer",
    "action_flag": 2,
    "change_message": "[{\"changed\": {\"fields\": [\"Tags\", \"Slug\", \"Body\", \"Status\"]}}]"
  }
},
{
  "model": "admin.logentry",
  "pk": 17,
  "fields": {
    "action_time": "2023-05-04T12:09:56.507Z",
    "user": 1,
    "content_type": 7,
    "object_id": "11",
    "object_repr": "Marvel VS DC",
    "action_flag": 2,
    "change_message": "[{\"changed\": {\"fields\": [\"Tags\", \"Slug\", \"Body\", \"Status\"]}}]"
  }
},
{
  "model": "admin.logentry",
  "pk": 18,
  "fields": {
    "action_time": "2023-05-04T12:09:56.646Z",
    "user": 1,
    "content_type": 7,
    "object_id": "11",
    "object_repr": "Marvel VS DC",
    "action_flag": 2,
    "change_message": "[]"
  }
},
{
  "model": "admin.logentry",
  "pk": 19,
  "fields": {
    "action_time": "2023-05-04T12:11:23.455Z",
    "user": 1,
    "content_type": 7,
    "object_id": "9",
    "object_repr": "US VS Russia",
    "action_flag": 2,
    "change_message": "[{\"changed\": {\"fields\": [\"Tags\", \"Slug\", \"Body\", \"Status\"]}}]"
  }
},
{
  "model": "admin.logentry",
  "pk": 20,
  "fields": {
    "action_time": "2023-05-04T12:12:13.782Z",
    "user": 1,
    "content_type": 7,
    "object_id": "10",
    "object_repr": "TOP G'S",
    "action_flag": 2,
    "change_message": "[{\"changed\": {\"fields\": [\"Tags\", \"Slug\", \"Body\"]}}]"
  }
},
{
  "model": "auth.permission",
  "pk": 1,
  "fields": {
    "name": "Can add log entry",
    "content_type": 1,
    "codename": "add_logentry"
  }
},
{
  "model": "auth.permission",
  "pk": 2,
  "fields": {
    "name": "Can change log entry",
    "content_type": 1,
    "codename": "change_logentry"
  }
},
{
  "model": "auth.permission",
  "pk": 3,
  "fields": {
    "name": "Can delete log entry",
    "content_type": 1,
    "codename": "delete_logentry"
  }
},
{
  "model": "auth.permission",
  "pk": 4,
  "fields": {
    "name": "Can view log entry",
    "content_type": 1,
    "codename": "view_logentry"
  }
},
{
  "model": "auth.permission",
  "pk": 5,
  "fields": {
    "name": "Can add permission",
    "content_type": 2,
    "codename": "add_permission"
  }
},
{
  "model": "auth.permission",
  "pk": 6,
  "fields": {
    "name": "Can change permission",
    "content_type": 2,
    "codename": "change_permission"
  }
},
{
  "model": "auth.permission",
  "pk": 7,
  "fields": {
    "name": "Can delete permission",
    "content_type": 2,
    "codename": "delete_permission"
  }
},
{
  "model": "auth.permission",
  "pk": 8,
  "fields": {
    "name": "Can view permission",
    "content_type": 2,
    "codename": "view_permission"
  }
},
{
  "model": "auth.permission",
  "pk": 9,
  "fields": {
    "name": "Can add group",
    "content_type": 3,
    "codename": "add_group"
  }
},
{
  "model": "auth.permission",
  "pk": 10,
  "fields": {
    "name": "Can change group",
    "content_type": 3,
    "codename": "change_group"
  }
},
{
  "model": "auth.permission",
  "pk": 11,
  "fields": {
    "name": "Can delete group",
    "content_type": 3,
    "codename": "delete_group"
  }
},
{
  "model": "auth.permission",
  "pk": 12,
  "fields": {
    "name": "Can view group",
    "content_type": 3,
    "codename": "view_group"
  }
},
{
  "model": "auth.permission",
  "pk": 13,
  "fields": {
    "name": "Can add user",
    "content_type": 4,
    "codename": "add_user"
  }
},
{
  "model": "auth.permission",
  "pk": 14,
  "fields": {
    "name": "Can change user",
    "content_type": 4,
    "codename": "change_user"
  }
},
{
  "model": "auth.permission",
  "pk": 15,
  "fields": {
    "name": "Can delete user",
    "content_type": 4,
    "codename": "delete_user"
  }
},
{
  "model": "auth.permission",
  "pk": 16,
  "fields": {
    "name": "Can view user",
    "content_type": 4,
    "codename": "view_user"
  }
},
{
  "model": "auth.permission",
  "pk": 17,
  "fields": {
    "name": "Can add content type",
    "content_type": 5,
    "codename": "add_contenttype"
  }
},
{
  "model": "auth.permission",
  "pk": 18,
  "fields": {
    "name": "Can change content type",
    "content_type": 5,
    "codename": "change_contenttype"
  }
},
{
  "model": "auth.permission",
  "pk": 19,
  "fields": {
    "name": "Can delete content type",
    "content_type": 5,
    "codename": "delete_contenttype"
  }
},
{
  "model": "auth.permission",
  "pk": 20,
  "fields": {
    "name": "Can view content type",
    "content_type": 5,
    "codename": "view_contenttype"
  }
},
{
  "model": "auth.permission",
  "pk": 21,
  "fields": {
    "name": "Can add session",
    "content_type": 6,
    "codename": "add_session"
  }
},
{
  "model": "auth.permission",
  "pk": 22,
  "fields": {
    "name": "Can change session",
    "content_type": 6,
    "codename": "change_session"
  }
},
{
  "model": "auth.permission",
  "pk": 23,
  "fields": {
    "name": "Can delete session",
    "content_type": 6,
    "codename": "delete_session"
  }
},
{
  "model": "auth.permission",
  "pk": 24,
  "fields": {
    "name": "Can view session",
    "content_type": 6,
    "codename": "view_session"
  }
},
{
  "model": "auth.permission",
  "pk": 25,
  "fields": {
    "name": "Can add post",
    "content_type": 7,
    "codename": "add_post"
  }
},
{
  "model": "auth.permission",
  "pk": 26,
  "fields": {
    "name": "Can change post",
    "content_type": 7,
    "codename": "change_post"
  }
},
{
  "model": "auth.permission",
  "pk": 27,
  "fields": {
    "name": "Can delete post",
    "content_type": 7,
    "codename": "delete_post"
  }
},
{
  "model": "auth.permission",
  "pk": 28,
  "fields": {
    "name": "Can view post",
    "content_type": 7,
    "codename": "view_post"
  }
},
{
  "model": "auth.permission",
  "pk": 29,
  "fields": {
    "name": "Can add comment",
    "content_type": 8,
    "codename": "add_comment"
  }
},
{
  "model": "auth.permission",
  "pk": 30,
  "fields": {
    "name": "Can change comment",
    "content_type": 8,
    "codename": "change_comment"
  }
},
{
  "model": "auth.permission",
  "pk": 31,
  "fields": {
    "name": "Can delete comment",
    "content_type": 8,
    "codename": "delete_comment"
  }
},
{
  "model": "auth.permission",
  "pk": 32,
  "fields": {
    "name": "Can view comment",
    "content_type": 8,
    "codename": "view_comment"
  }
},
{
  "model": "auth.permission",
  "pk": 33,
  "fields": {
    "name": "Can add tag",
    "content_type": 9,
    "codename": "add_tag"
  }
},
{
  "model": "auth.permission",
  "pk": 34,
  "fields": {
    "name": "Can change tag",
    "content_type": 9,
    "codename": "change_tag"
  }
},
{
  "model": "auth.permission",
  "pk": 35,
  "fields": {
    "name": "Can delete tag",
    "content_type": 9,
    "codename": "delete_tag"
  }
},
{
  "model": "auth.permission",
  "pk": 36,
  "fields": {
    "name": "Can view tag",
    "content_type": 9,
    "codename": "view_tag"
  }
},
{
  "model": "auth.permission",
  "pk": 37,
  "fields": {
    "name": "Can add tagged item",
    "content_type": 10,
    "codename": "add_taggeditem"
  }
},
{
  "model": "auth.permission",
  "pk": 38,
  "fields": {
    "name": "Can change tagged item",
    "content_type": 10,
    "codename": "change_taggeditem"
  }
},
{
  "model": "auth.permission",
  "pk": 39,
  "fields": {
    "name": "Can delete tagged item",
    "content_type": 10,
    "codename": "delete_taggeditem"
  }
},
{
  "model": "auth.permission",
  "pk": 40,
  "fields": {
    "name": "Can view tagged item",
    "content_type": 10,
    "codename": "view_taggeditem"
  }
},
{
  "model": "auth.permission",
  "pk": 41,
  "fields": {
    "name": "Can add site",
    "content_type": 11,
    "codename": "add_site"
  }
},
{
  "model": "auth.permission",
  "pk": 42,
  "fields": {
    "name": "Can change site",
    "content_type": 11,
    "codename": "change_site"
  }
},
{
  "model": "auth.permission",
  "pk": 43,
  "fields": {
    "name": "Can delete site",
    "content_type": 11,
    "codename": "delete_site"
  }
},
{
  "model": "auth.permission",
  "pk": 44,
  "fields": {
    "name": "Can view site",
    "content_type": 11,
    "codename": "view_site"
  }
},
{
  "model": "auth.user",
  "pk": 1,
  "fields": {
    "password": "pbkdf2_sha256$600000$e4ndP1nJVnq2BWiN3KjZTB$+EuWkORQ4ZOOjnOS58UusFDe1yzWNqKw0k4isKamp/A=",
    "last_login": "2023-04-24T11:17:34.612Z",
    "is_superuser": true,
    "username": "HoneyStarAdmin",
    "first_name": "",
    "last_name": "",
    "email": "starson600@gmail.com",
    "is_staff": true,
    "is_active": true,
    "date_joined": "2023-04-24T11:16:12.303Z",
    "groups": [],
    "user_permissions": []
  }
},
{
  "model": "contenttypes.contenttype",
  "pk": 1,
  "fields": {
    "app_label": "admin",
    "model": "logentry"
  }
},
{
  "model": "contenttypes.contenttype",
  "pk": 2,
  "fields": {
    "app_label": "auth",
    "model": "permission"
  }
},
{
  "model": "contenttypes.contenttype",
  "pk": 3,
  "fields": {
    "app_label": "auth",
    "model": "group"
  }
},
{
  "model": "contenttypes.contenttype",
  "pk": 4,
  "fields": {
    "app_label": "auth",
    "model": "user"
  }
},
{
  "model": "contenttypes.contenttype",
  "pk": 5,
  "fields": {
    "app_label": "contenttypes",
    "model": "contenttype"
  }
},
{
  "model": "contenttypes.contenttype",
  "pk": 6,
  "fields": {
    "app_label": "sessions",
    "model": "session"
  }
},
{
  "model": "contenttypes.contenttype",
  "pk": 7,
  "fields": {
    "app_label": "blog",
    "model": "post"
  }
},
{
  "model": "contenttypes.contenttype",
  "pk": 8,
  "fields": {
    "app_label": "blog",
    "model": "comment"
  }
},
{
  "model": "contenttypes.contenttype",
  "pk": 9,
  "fields": {
    "app_label": "taggit",
    "model": "tag"
  }
},
{
  "model": "contenttypes.contenttype",
  "pk": 10,
  "fields": {
    "app_label": "taggit",
    "model": "taggeditem"
  }
},
{
  "model": "contenttypes.contenttype",
  "pk": 11,
  "fields": {
    "app_label": "sites",
    "model": "site"
  }
},
{
  "model": "sessions.session",
  "pk": "p5ra0avgedjp6cz2vl64kit0hqcbam0h",
  "fields": {
    "session_data": ".eJxVjEEOwiAUBe_C2hCET0GX7j1D8z6gVA0kpV0Z7y5NutDtm5n3FiPWJY9rS_M4RXEWR3H43RjhmcoG4gPlXmWoZZknlpsid9rktcb0uuzu30FGy72mFKjbxrJhDe8sx0HdCKw0RZCBCs4BytuTxgDtvfMmUmAgcY_F5wv-jTjO:1pquCM:Z2VrJ-AsKPJ8gIDeZW_VUhP3MLCUpJ7Mfu5ezB1QcFw",
    "expire_date": "2023-05-08T11:17:34.619Z"
  }
},
{
  "model": "blog.post",
  "pk": 1,
  "fields": {
    "title": "Who is Django Reinhardt?",
    "slug": "who-is-django-reinhardt",
    "author": 1,
    "body": "Jean Reinhardt (23 January 1910 – 16 May 1953), known by his Romani nickname Django (French: [dʒãŋɡo ʁɛjnaʁt] or [dʒɑ̃ɡo ʁenɑʁt]), was a Romani-Belgian jazz guitarist and composer. He was one of the first major jazz talents to emerge in Europe and has been hailed as one of its most significant exponents.[2][3]\r\n\r\nWith violinist Stéphane Grappelli,[1] Reinhardt formed the Paris-based Quintette du Hot Club de France in 1934. The group was among the first to play jazz that featured the guitar as a lead instrument.[4] Reinhardt recorded in France with many visiting American musicians, including Coleman Hawkins and Benny Carter, and briefly toured the United States with Duke Ellington's orchestra in 1946. He died suddenly of a stroke in 1953 at the age of 43.\r\n\r\nReinhardt's most popular compositions have become standards within gypsy jazz, including \"Minor Swing\",[5] \"Daphne\", \"Belleville\", \"Djangology\", \"Swing '42\", and \"Nuages\". Jazz guitarist Frank Vignola says that nearly every major popular-music guitarist in the world has been influenced by Reinhardt.[6] Over the last few decades, annual Django festivals have been held throughout Europe and the U.S., and a biography has been written about his life.[2] In February 2017, the Berlin International Film Festival held the world premiere of the French film Django.",
    "publish": "2023-04-24T11:19:29Z",
    "created": "2023-04-24T11:22:20.063Z",
    "updated": "2023-04-25T19:25:56.678Z",
    "status": "PB"
  }
},
{
  "model": "blog.post",
  "pk": 2,
  "fields": {
    "title": "BrillatSavarin",
    "slug": "brillat-savarin",
    "author": 1,
    "body": "If the fact that this cheese is described as triple cream doesn’t convince you to try it, I’m not sure what will. Mostly produced in Burgundy and usually only aged for a couple weeks, this cheese is soft and creamy for sure. Made fresh, it’s like cream cheese. Aged longer, it’s firmer and smaller, yet magically more creamy! Don’t ask the fat percentage of Brillat-Savarin.",
    "publish": "2023-04-24T11:45:15Z",
    "created": "2023-04-24T11:49:08.633Z",
    "updated": "2023-04-25T19:25:51.688Z",
    "status": "PB"
  }
},
{
  "model": "blog.post",
  "pk": 3,
  "fields": {
    "title": "Another Lazy Post",
    "slug": "another-post",
    "author": 1,
    "body": "Post body.",
    "publish": "2023-04-24T11:53:07Z",
    "created": "2023-04-24T11:53:30.151Z",
    "updated": "2023-04-24T19:22:45.969Z",
    "status": "PB"
  }
},
{
  "model": "blog.post",
  "pk": 4,
  "fields": {
    "title": "One more life",
    "slug": "one-more-life",
    "author": 1,
    "body": "This life is beautiful. Remember you dont have a one up. Just like Mario did",
    "publish": "2023-04-24T12:08:11Z",
    "created": "2023-04-24T12:08:11.203Z",
    "updated": "2023-04-28T11:27:04.334Z",
    "status": "PB"
  }
},
{
  "model": "blog.post",
  "pk": 5,
  "fields": {
    "title": "Are UFO's Really out there",
    "slug": "are-ufo-real",
    "author": 1,
    "body": "GOD KNOWS",
    "publish": "2023-04-24T12:16:32Z",
    "created": "2023-04-24T12:17:48.672Z",
    "updated": "2023-04-25T19:26:02.956Z",
    "status": "PB"
  }
},
{
  "model": "blog.post",
  "pk": 6,
  "fields": {
    "title": "Arijit Singh",
    "slug": "arijit-singh",
    "author": 1,
    "body": "Arijit Singh is an Indian singer and music composer. The recipient of several accolades including a National Film Award and six Filmfare Awards, he has recorded songs in several Indian languages. He is also known for his humble personality and simple lifestyle",
    "publish": "2023-04-28T11:29:02Z",
    "created": "2023-04-28T11:29:53.019Z",
    "updated": "2023-04-28T11:29:53.019Z",
    "status": "PB"
  }
},
{
  "model": "blog.post",
  "pk": 7,
  "fields": {
    "title": "Mark-down Post",
    "slug": "mark-down-post",
    "author": 1,
    "body": "This is a post formatted with markdown\r\n--------------------------------------\r\n*This is emphasized* and **this is more emphasized**.\r\nHere is a list:\r\n* One\r\n* Two\r\n* Three\r\n\r\nAnd a [link to the Django website](https://www.djangoproject.com/).",
    "publish": "2023-05-03T15:26:20Z",
    "created": "2023-05-03T15:28:40.108Z",
    "updated": "2023-05-03T15:31:23.041Z",
    "status": "PB"
  }
},
{
  "model": "blog.post",
  "pk": 8,
  "fields": {
    "title": "Oppenheimer",
    "slug": "oppenheimer",
    "author": 1,
    "body": "J. Robert Oppenheimer[note 1] (/ˈɒpənˌhaɪmər/; April 22, 1904 – February 18, 1967) was an American theoretical physicist. A professor of physics at the University of California, Berkeley, Oppenheimer was the wartime head of the Los Alamos Laboratory, and is often credited as the \"father of the atomic bomb\" for his role in the Manhattan Project—the World War II undertaking—that developed the world's first nuclear weapon.\r\n\r\nOppenheimer was among those who observed the Trinity test in New Mexico, where the first atomic bomb was successfully detonated on July 16, 1945. In August 1945, the weapons were used in the atomic bombings of Hiroshima and Nagasaki. After the war ended, Oppenheimer became chairman of the influential General Advisory Committee of the newly created United States Atomic Energy Commission. He used that position to lobby for international control of nuclear power, to avert nuclear proliferation and a nuclear arms race with the Soviet Union. He opposed the development of the hydrogen bomb during a 1949–1950 governmental debate on the question and subsequently took stances on defense-related issues that provoked the ire of some U.S. government and military factions.",
    "publish": "2023-05-04T10:45:30Z",
    "created": "2023-05-04T10:45:30.971Z",
    "updated": "2023-05-04T12:07:29.300Z",
    "status": "PB"
  }
},
{
  "model": "blog.post",
  "pk": 9,
  "fields": {
    "title": "US VS Russia",
    "slug": "us-vs-russia",
    "author": 1,
    "body": "Russia and the United States maintain one of the most important, critical and strategic foreign relations in the world. Both nations have shared interests in nuclear safety and security, nonproliferation, counterterrorism, and space exploration.[1]\r\n\r\nAfter the dissolution of the Soviet Union, the relationship was generally warm under the Russian President Boris Yeltsin (1991–99) until the NATO bombing of Yugoslavia[2][3] in the spring of 1999, and since then has deteriorated significantly.\r\n\r\nFollowing Vladimir Putin regaining control of the Russian government in 2012, relations between the two countries significantly strained due to Russia's annexation of Crimea and Russian military intervention in Ukraine. Deterioration continued with the Russian military intervention in the Syrian Civil War, and over Russia's interference in the 2016 and 2020 U.S. elections.\r\n\r\nFollowing the 2022 Russian invasion of Ukraine, relations reached the lowest point since the Cuban Missile Crisis.[4] Mutual sanctions imposed since 2014 were significantly expanded by the U.S. and its allies following the invasion, including several state-owned banks and oligarchs.",
    "publish": "2023-05-04T10:45:40Z",
    "created": "2023-05-04T10:45:40.651Z",
    "updated": "2023-05-04T12:11:23.396Z",
    "status": "PB"
  }
},
{
  "model": "blog.post",
  "pk": 10,
  "fields": {
    "title": "TOP G'S",
    "slug": "top-gs",
    "author": 1,
    "body": "Top G is an individual that is capable in all realms, a term created by a former chess grandmaster Emory Tate. His unmatched perspicacity coupled with his sheer indefatigability makes him a feared opponent in any realm of human endeavor. When you are a Top G you are simply dangerous at everything.\r\nPerson 1: This guy is crazy, he's rich, can fight, his driving skills are top notch and his debating skills are out of this world. What can't he do?\r\nPerson 2: You're right, he truly is the Top G.",
    "publish": "2023-05-04T10:47:55Z",
    "created": "2023-05-04T10:47:55.854Z",
    "updated": "2023-05-04T12:12:13.760Z",
    "status": "DF"
  }
},
{
  "model": "blog.post",
  "pk": 11,
  "fields": {
    "title": "Marvel VS DC",
    "slug": "marvel-vs-dc",
    "author": 1,
    "body": "The Flash, the Hulk, the Thing; Batman, Ironman, Spider-Man; the Legion of Super-Heroes, the Avengers, Guardians of the Galaxy.  On and on it goes.  The list of comic book superheroes can seem almost endless.  How do you tell them apart?  To get you started, it helps to know their origin—their company of origin, that is.  With a few exceptions, all comic book superheroes trace their origins back to the talented writers and artists who created them at only two companies—DC and Marvel.  From their beginnings, these companies differed radically in their approach to superheroes, and these differences can still be discerned today",
    "publish": "2023-05-04T11:29:15Z",
    "created": "2023-05-04T11:29:15.398Z",
    "updated": "2023-05-04T12:09:56.639Z",
    "status": "PB"
  }
},
{
  "model": "blog.comment",
  "pk": 1,
  "fields": {
    "post": 1,
    "name": "Soham",
    "email": "soham.sanjay@otocapital.in",
    "body": "I have read this book. Its amazing",
    "created": "2023-04-26T11:46:29.393Z",
    "updated": "2023-04-26T11:46:29.393Z",
    "active": true
  }
},
{
  "model": "blog.comment",
  "pk": 2,
  "fields": {
    "post": 5,
    "name": "Starlord",
    "email": "starlord999@fmail.com",
    "body": "I didnt knew that. Thanks.",
    "created": "2023-04-27T07:52:42.744Z",
    "updated": "2023-04-27T07:52:42.744Z",
    "active": true
  }
},
{
  "model": "blog.comment",
  "pk": 3,
  "fields": {
    "post": 5,
    "name": "Dev  Bhatt",
    "email": "devbhatt2005@gmail.com",
    "body": "i liked this blog.",
    "created": "2023-04-27T07:54:39.578Z",
    "updated": "2023-04-27T07:54:39.579Z",
    "active": true
  }
},
{
  "model": "blog.comment",
  "pk": 4,
  "fields": {
    "post": 3,
    "name": "Hero",
    "email": "herozeropython@email.com",
    "body": "Hi, Lazy post is soo lazy.",
    "created": "2023-04-28T11:21:40.782Z",
    "updated": "2023-04-28T11:21:40.783Z",
    "active": true
  }
},
{
  "model": "blog.comment",
  "pk": 5,
  "fields": {
    "post": 5,
    "name": "Deesh",
    "email": "deesh_j@mail.com",
    "body": "#jazz",
    "created": "2023-04-28T11:24:38.295Z",
    "updated": "2023-04-28T11:24:38.295Z",
    "active": true
  }
},
{
  "model": "blog.comment",
  "pk": 6,
  "fields": {
    "post": 6,
    "name": "Vini",
    "email": "starlord999@fmail.com",
    "body": "Hi, this was amazing post",
    "created": "2023-05-03T18:57:33.178Z",
    "updated": "2023-05-03T18:57:33.178Z",
    "active": true
  }
},
{
  "model": "blog.comment",
  "pk": 7,
  "fields": {
    "post": 6,
    "name": "Jayanti",
    "email": "jayantivishwanath@email.com",
    "body": "Hi, i really loved this info.",
    "created": "2023-05-03T18:58:51.463Z",
    "updated": "2023-05-03T18:58:51.463Z",
    "active": true
  }
},
{
  "model": "taggit.tag",
  "pk": 1,
  "fields": {
    "name": "django",
    "slug": "django"
  }
},
{
  "model": "taggit.tag",
  "pk": 2,
  "fields": {
    "name": "jazz",
    "slug": "jazz"
  }
},
{
  "model": "taggit.tag",
  "pk": 3,
  "fields": {
    "name": "music",
    "slug": "music"
  }
},
{
  "model": "taggit.tag",
  "pk": 4,
  "fields": {
    "name": "guitar",
    "slug": "guitar"
  }
},
{
  "model": "taggit.tag",
  "pk": 5,
  "fields": {
    "name": "life",
    "slug": "life"
  }
},
{
  "model": "taggit.tag",
  "pk": 6,
  "fields": {
    "name": "singer",
    "slug": "singer"
  }
},
{
  "model": "taggit.tag",
  "pk": 7,
  "fields": {
    "name": "markdown",
    "slug": "markdown"
  }
},
{
  "model": "taggit.tag",
  "pk": 8,
  "fields": {
    "name": "bomb",
    "slug": "bomb"
  }
},
{
  "model": "taggit.tag",
  "pk": 9,
  "fields": {
    "name": "nuclear",
    "slug": "nuclear"
  }
},
{
  "model": "taggit.tag",
  "pk": 10,
  "fields": {
    "name": "atom",
    "slug": "atom"
  }
},
{
  "model": "taggit.tag",
  "pk": 11,
  "fields": {
    "name": "scientist",
    "slug": "scientist"
  }
},
{
  "model": "taggit.tag",
  "pk": 12,
  "fields": {
    "name": "superwomen",
    "slug": "superwomen"
  }
},
{
  "model": "taggit.tag",
  "pk": 13,
  "fields": {
    "name": "animation",
    "slug": "animation"
  }
},
{
  "model": "taggit.tag",
  "pk": 14,
  "fields": {
    "name": "comic",
    "slug": "comic"
  }
},
{
  "model": "taggit.tag",
  "pk": 15,
  "fields": {
    "name": "superhero",
    "slug": "superhero"
  }
},
{
  "model": "taggit.tag",
  "pk": 16,
  "fields": {
    "name": "dc",
    "slug": "dc"
  }
},
{
  "model": "taggit.tag",
  "pk": 17,
  "fields": {
    "name": "marvel",
    "slug": "marvel"
  }
},
{
  "model": "taggit.tag",
  "pk": 18,
  "fields": {
    "name": "world",
    "slug": "world"
  }
},
{
  "model": "taggit.tag",
  "pk": 19,
  "fields": {
    "name": "news",
    "slug": "news"
  }
},
{
  "model": "taggit.tag",
  "pk": 20,
  "fields": {
    "name": "country",
    "slug": "country"
  }
},
{
  "model": "taggit.tag",
  "pk": 21,
  "fields": {
    "name": "us",
    "slug": "us"
  }
},
{
  "model": "taggit.tag",
  "pk": 22,
  "fields": {
    "name": "russia",
    "slug": "russia"
  }
},
{
  "model": "taggit.tag",
  "pk": 23,
  "fields": {
    "name": "men",
    "slug": "men"
  }
},
{
  "model": "taggit.tag",
  "pk": 24,
  "fields": {
    "name": "andrewtate",
    "slug": "andrewtate"
  }
},
{
  "model": "taggit.tag",
  "pk": 25,
  "fields": {
    "name": "musculanity",
    "slug": "musculanity"
  }
},
{
  "model": "taggit.tag",
  "pk": 26,
  "fields": {
    "name": "topg",
    "slug": "topg"
  }
},
{
  "model": "taggit.taggeditem",
  "pk": 2,
  "fields": {
    "tag": 2,
    "content_type": 7,
    "object_id": 1
  }
},
{
  "model": "taggit.taggeditem",
  "pk": 3,
  "fields": {
    "tag": 3,
    "content_type": 7,
    "object_id": 1
  }
},
{
  "model": "taggit.taggeditem",
  "pk": 4,
  "fields": {
    "tag": 4,
    "content_type": 7,
    "object_id": 1
  }
},
{
  "model": "taggit.taggeditem",
  "pk": 5,
  "fields": {
    "tag": 2,
    "content_type": 7,
    "object_id": 4
  }
},
{
  "model": "taggit.taggeditem",
  "pk": 6,
  "fields": {
    "tag": 5,
    "content_type": 7,
    "object_id": 4
  }
},
{
  "model": "taggit.taggeditem",
  "pk": 7,
  "fields": {
    "tag": 2,
    "content_type": 7,
    "object_id": 6
  }
},
{
  "model": "taggit.taggeditem",
  "pk": 8,
  "fields": {
    "tag": 3,
    "content_type": 7,
    "object_id": 6
  }
},
{
  "model": "taggit.taggeditem",
  "pk": 9,
  "fields": {
    "tag": 5,
    "content_type": 7,
    "object_id": 6
  }
},
{
  "model": "taggit.taggeditem",
  "pk": 10,
  "fields": {
    "tag": 6,
    "content_type": 7,
    "object_id": 6
  }
},
{
  "model": "taggit.taggeditem",
  "pk": 11,
  "fields": {
    "tag": 7,
    "content_type": 7,
    "object_id": 7
  }
},
{
  "model": "taggit.taggeditem",
  "pk": 12,
  "fields": {
    "tag": 8,
    "content_type": 7,
    "object_id": 8
  }
},
{
  "model": "taggit.taggeditem",
  "pk": 13,
  "fields": {
    "tag": 9,
    "content_type": 7,
    "object_id": 8
  }
},
{
  "model": "taggit.taggeditem",
  "pk": 14,
  "fields": {
    "tag": 10,
    "content_type": 7,
    "object_id": 8
  }
},
{
  "model": "taggit.taggeditem",
  "pk": 15,
  "fields": {
    "tag": 11,
    "content_type": 7,
    "object_id": 8
  }
},
{
  "model": "taggit.taggeditem",
  "pk": 16,
  "fields": {
    "tag": 12,
    "content_type": 7,
    "object_id": 11
  }
},
{
  "model": "taggit.taggeditem",
  "pk": 17,
  "fields": {
    "tag": 13,
    "content_type": 7,
    "object_id": 11
  }
},
{
  "model": "taggit.taggeditem",
  "pk": 18,
  "fields": {
    "tag": 14,
    "content_type": 7,
    "object_id": 11
  }
},
{
  "model": "taggit.taggeditem",
  "pk": 19,
  "fields": {
    "tag": 15,
    "content_type": 7,
    "object_id": 11
  }
},
{
  "model": "taggit.taggeditem",
  "pk": 20,
  "fields": {
    "tag": 16,
    "content_type": 7,
    "object_id": 11
  }
},
{
  "model": "taggit.taggeditem",
  "pk": 21,
  "fields": {
    "tag": 17,
    "content_type": 7,
    "object_id": 11
  }
},
{
  "model": "taggit.taggeditem",
  "pk": 22,
  "fields": {
    "tag": 18,
    "content_type": 7,
    "object_id": 9
  }
},
{
  "model": "taggit.taggeditem",
  "pk": 23,
  "fields": {
    "tag": 19,
    "content_type": 7,
    "object_id": 9
  }
},
{
  "model": "taggit.taggeditem",
  "pk": 24,
  "fields": {
    "tag": 20,
    "content_type": 7,
    "object_id": 9
  }
},
{
  "model": "taggit.taggeditem",
  "pk": 25,
  "fields": {
    "tag": 21,
    "content_type": 7,
    "object_id": 9
  }
},
{
  "model": "taggit.taggeditem",
  "pk": 26,
  "fields": {
    "tag": 22,
    "content_type": 7,
    "object_id": 9
  }
},
{
  "model": "taggit.taggeditem",
  "pk": 27,
  "fields": {
    "tag": 24,
    "content_type": 7,
    "object_id": 10
  }
},
{
  "model": "taggit.taggeditem",
  "pk": 28,
  "fields": {
    "tag": 25,
    "content_type": 7,
    "object_id": 10
  }
},
{
  "model": "taggit.taggeditem",
  "pk": 29,
  "fields": {
    "tag": 26,
    "content_type": 7,
    "object_id": 10
  }
},
{
  "model": "taggit.taggeditem",
  "pk": 30,
  "fields": {
    "tag": 23,
    "content_type": 7,
    "object_id": 10
  }
},
{
  "model": "sites.site",
  "pk": 1,
  "fields": {
    "domain": "localhost:8000",
    "name": "localhost:8000"
  }
}
]
